"","break_even_year","NPV","IRR"
"1",40,1025130941.64997,0.0944471511298166
